"filename", "language", "XML", "Markdown", "Python", "Log", "JSON", "YAML", "comment", "blank", "total"
"/home/ana/stuff/1uni/bachlor/GraphLevel-AnomalyDetection/Launch_Exps.py", "Python", 0, 0, 23, 0, 0, 0, 15, 8, 46
"/home/ana/stuff/1uni/bachlor/GraphLevel-AnomalyDetection/README.md", "Markdown", 0, 30, 0, 0, 0, 0, 0, 21, 51
"/home/ana/stuff/1uni/bachlor/GraphLevel-AnomalyDetection/RESULTS/RESULTS_GTL/proteins/FOLD_0/0_experiment.log", "Log", 0, 0, 0, 253, 0, 0, 0, 1, 254
"/home/ana/stuff/1uni/bachlor/GraphLevel-AnomalyDetection/RESULTS/RESULTS_GTL/proteins/FOLD_0/0_results.json", "JSON", 0, 0, 0, 0, 1, 0, 0, 0, 1
"/home/ana/stuff/1uni/bachlor/GraphLevel-AnomalyDetection/RESULTS/RESULTS_GTL/proteins/FOLD_0/1_experiment.log", "Log", 0, 0, 0, 253, 0, 0, 0, 1, 254
"/home/ana/stuff/1uni/bachlor/GraphLevel-AnomalyDetection/RESULTS/RESULTS_GTL/proteins/FOLD_0/1_results.json", "JSON", 0, 0, 0, 0, 1, 0, 0, 0, 1
"/home/ana/stuff/1uni/bachlor/GraphLevel-AnomalyDetection/RESULTS/RESULTS_GTL/proteins/FOLD_1/0_experiment.log", "Log", 0, 0, 0, 253, 0, 0, 0, 1, 254
"/home/ana/stuff/1uni/bachlor/GraphLevel-AnomalyDetection/RESULTS/RESULTS_GTL/proteins/FOLD_1/0_results.json", "JSON", 0, 0, 0, 0, 1, 0, 0, 0, 1
"/home/ana/stuff/1uni/bachlor/GraphLevel-AnomalyDetection/RESULTS/RESULTS_GTL/proteins/FOLD_1/1_experiment.log", "Log", 0, 0, 0, 253, 0, 0, 0, 1, 254
"/home/ana/stuff/1uni/bachlor/GraphLevel-AnomalyDetection/RESULTS/RESULTS_GTL/proteins/FOLD_1/1_results.json", "JSON", 0, 0, 0, 0, 1, 0, 0, 0, 1
"/home/ana/stuff/1uni/bachlor/GraphLevel-AnomalyDetection/RESULTS/RESULTS_GTL/proteins/FOLD_2/0_experiment.log", "Log", 0, 0, 0, 253, 0, 0, 0, 1, 254
"/home/ana/stuff/1uni/bachlor/GraphLevel-AnomalyDetection/RESULTS/RESULTS_GTL/proteins/FOLD_2/0_results.json", "JSON", 0, 0, 0, 0, 1, 0, 0, 0, 1
"/home/ana/stuff/1uni/bachlor/GraphLevel-AnomalyDetection/RESULTS/RESULTS_GTL/proteins/FOLD_2/1_experiment.log", "Log", 0, 0, 0, 253, 0, 0, 0, 1, 254
"/home/ana/stuff/1uni/bachlor/GraphLevel-AnomalyDetection/RESULTS/RESULTS_GTL/proteins/FOLD_2/1_results.json", "JSON", 0, 0, 0, 0, 1, 0, 0, 0, 1
"/home/ana/stuff/1uni/bachlor/GraphLevel-AnomalyDetection/RESULTS/RESULTS_GTL/proteins/FOLD_3/0_experiment.log", "Log", 0, 0, 0, 253, 0, 0, 0, 1, 254
"/home/ana/stuff/1uni/bachlor/GraphLevel-AnomalyDetection/RESULTS/RESULTS_GTL/proteins/FOLD_3/0_results.json", "JSON", 0, 0, 0, 0, 1, 0, 0, 0, 1
"/home/ana/stuff/1uni/bachlor/GraphLevel-AnomalyDetection/RESULTS/RESULTS_GTL/proteins/FOLD_3/1_experiment.log", "Log", 0, 0, 0, 253, 0, 0, 0, 1, 254
"/home/ana/stuff/1uni/bachlor/GraphLevel-AnomalyDetection/RESULTS/RESULTS_GTL/proteins/FOLD_3/1_results.json", "JSON", 0, 0, 0, 0, 1, 0, 0, 0, 1
"/home/ana/stuff/1uni/bachlor/GraphLevel-AnomalyDetection/RESULTS/RESULTS_GTL/proteins/FOLD_4/0_experiment.log", "Log", 0, 0, 0, 253, 0, 0, 0, 1, 254
"/home/ana/stuff/1uni/bachlor/GraphLevel-AnomalyDetection/RESULTS/RESULTS_GTL/proteins/FOLD_4/0_results.json", "JSON", 0, 0, 0, 0, 1, 0, 0, 0, 1
"/home/ana/stuff/1uni/bachlor/GraphLevel-AnomalyDetection/RESULTS/RESULTS_GTL/proteins/FOLD_4/1_experiment.log", "Log", 0, 0, 0, 253, 0, 0, 0, 1, 254
"/home/ana/stuff/1uni/bachlor/GraphLevel-AnomalyDetection/RESULTS/RESULTS_GTL/proteins/FOLD_4/1_results.json", "JSON", 0, 0, 0, 0, 1, 0, 0, 0, 1
"/home/ana/stuff/1uni/bachlor/GraphLevel-AnomalyDetection/RESULTS/RESULTS_GTL/proteins/FOLD_5/0_experiment.log", "Log", 0, 0, 0, 246, 0, 0, 0, 1, 247
"/home/ana/stuff/1uni/bachlor/GraphLevel-AnomalyDetection/RESULTS/RESULTS_GTL/proteins/FOLD_5/0_results.json", "JSON", 0, 0, 0, 0, 1, 0, 0, 0, 1
"/home/ana/stuff/1uni/bachlor/GraphLevel-AnomalyDetection/RESULTS/RESULTS_GTL/proteins/FOLD_5/1_experiment.log", "Log", 0, 0, 0, 253, 0, 0, 0, 1, 254
"/home/ana/stuff/1uni/bachlor/GraphLevel-AnomalyDetection/RESULTS/RESULTS_GTL/proteins/FOLD_5/1_results.json", "JSON", 0, 0, 0, 0, 1, 0, 0, 0, 1
"/home/ana/stuff/1uni/bachlor/GraphLevel-AnomalyDetection/RESULTS/RESULTS_GTL/proteins/FOLD_6/0_experiment.log", "Log", 0, 0, 0, 253, 0, 0, 0, 1, 254
"/home/ana/stuff/1uni/bachlor/GraphLevel-AnomalyDetection/RESULTS/RESULTS_GTL/proteins/FOLD_6/0_results.json", "JSON", 0, 0, 0, 0, 1, 0, 0, 0, 1
"/home/ana/stuff/1uni/bachlor/GraphLevel-AnomalyDetection/RESULTS/RESULTS_GTL/proteins/FOLD_6/1_experiment.log", "Log", 0, 0, 0, 253, 0, 0, 0, 1, 254
"/home/ana/stuff/1uni/bachlor/GraphLevel-AnomalyDetection/RESULTS/RESULTS_GTL/proteins/FOLD_6/1_results.json", "JSON", 0, 0, 0, 0, 1, 0, 0, 0, 1
"/home/ana/stuff/1uni/bachlor/GraphLevel-AnomalyDetection/RESULTS/RESULTS_GTL/proteins/FOLD_7/0_experiment.log", "Log", 0, 0, 0, 253, 0, 0, 0, 1, 254
"/home/ana/stuff/1uni/bachlor/GraphLevel-AnomalyDetection/RESULTS/RESULTS_GTL/proteins/FOLD_7/0_results.json", "JSON", 0, 0, 0, 0, 1, 0, 0, 0, 1
"/home/ana/stuff/1uni/bachlor/GraphLevel-AnomalyDetection/RESULTS/RESULTS_GTL/proteins/FOLD_7/1_experiment.log", "Log", 0, 0, 0, 253, 0, 0, 0, 1, 254
"/home/ana/stuff/1uni/bachlor/GraphLevel-AnomalyDetection/RESULTS/RESULTS_GTL/proteins/FOLD_7/1_results.json", "JSON", 0, 0, 0, 0, 1, 0, 0, 0, 1
"/home/ana/stuff/1uni/bachlor/GraphLevel-AnomalyDetection/RESULTS/RESULTS_GTL/proteins/FOLD_8/0_experiment.log", "Log", 0, 0, 0, 165, 0, 0, 0, 1, 166
"/home/ana/stuff/1uni/bachlor/GraphLevel-AnomalyDetection/config/__init__.py", "Python", 0, 0, 0, 0, 0, 0, 0, 1, 1
"/home/ana/stuff/1uni/bachlor/GraphLevel-AnomalyDetection/config/base.py", "Python", 0, 0, 141, 0, 0, 0, 31, 41, 213
"/home/ana/stuff/1uni/bachlor/GraphLevel-AnomalyDetection/config_files/config_GTL.yml", "YAML", 0, 0, 0, 0, 0, 48, 0, 3, 51
"/home/ana/stuff/1uni/bachlor/GraphLevel-AnomalyDetection/config_files/config_GTP.yml", "YAML", 0, 0, 0, 0, 0, 46, 0, 3, 49
"/home/ana/stuff/1uni/bachlor/GraphLevel-AnomalyDetection/config_files/config_OCGIN.yml", "YAML", 0, 0, 0, 0, 0, 46, 0, 3, 49
"/home/ana/stuff/1uni/bachlor/GraphLevel-AnomalyDetection/config_files/config_OCGTL.yml", "YAML", 0, 0, 0, 0, 0, 48, 0, 3, 51
"/home/ana/stuff/1uni/bachlor/GraphLevel-AnomalyDetection/config_files/config_OCPool.yml", "YAML", 0, 0, 0, 0, 0, 14, 0, 1, 15
"/home/ana/stuff/1uni/bachlor/GraphLevel-AnomalyDetection/evaluation/Experiments.py", "Python", 0, 0, 45, 0, 0, 0, 14, 17, 76
"/home/ana/stuff/1uni/bachlor/GraphLevel-AnomalyDetection/evaluation/Kfolds_Eval.py", "Python", 0, 0, 105, 0, 0, 0, 29, 33, 167
"/home/ana/stuff/1uni/bachlor/GraphLevel-AnomalyDetection/evaluation/__init__.py", "Python", 0, 0, 0, 0, 0, 0, 0, 1, 1
"/home/ana/stuff/1uni/bachlor/GraphLevel-AnomalyDetection/launch_my_experiment.py", "Python", 0, 0, 22, 0, 0, 0, 1, 8, 31
"/home/ana/stuff/1uni/bachlor/GraphLevel-AnomalyDetection/loader/GraphDataClass.py", "Python", 0, 0, 131, 0, 0, 0, 26, 43, 200
"/home/ana/stuff/1uni/bachlor/GraphLevel-AnomalyDetection/loader/__init__.py", "Python", 0, 0, 0, 0, 0, 0, 0, 1, 1
"/home/ana/stuff/1uni/bachlor/GraphLevel-AnomalyDetection/models/GraphNets.py", "Python", 0, 0, 141, 0, 0, 0, 15, 23, 179
"/home/ana/stuff/1uni/bachlor/GraphLevel-AnomalyDetection/models/GraphTransform.py", "Python", 0, 0, 198, 0, 0, 0, 25, 45, 268
"/home/ana/stuff/1uni/bachlor/GraphLevel-AnomalyDetection/models/Losses.py", "Python", 0, 0, 73, 0, 0, 0, 15, 24, 112
"/home/ana/stuff/1uni/bachlor/GraphLevel-AnomalyDetection/models/Models.py", "Python", 0, 0, 164, 0, 0, 0, 16, 34, 214
"/home/ana/stuff/1uni/bachlor/GraphLevel-AnomalyDetection/models/Trainer.py", "Python", 0, 0, 89, 0, 0, 0, 16, 28, 133
"/home/ana/stuff/1uni/bachlor/GraphLevel-AnomalyDetection/models/__init__.py", "Python", 0, 0, 0, 0, 0, 0, 0, 1, 1
"/home/ana/stuff/1uni/bachlor/GraphLevel-AnomalyDetection/utils.py", "Python", 0, 0, 97, 0, 0, 0, 33, 23, 153
"/home/ana/stuff/1uni/bachlor/README.md", "Markdown", 0, 1, 0, 0, 0, 0, 0, 1, 2
"/home/ana/stuff/1uni/bachlor/constrains/data/Cora_auto_generated_2_101_102_103.json", "JSON", 0, 0, 0, 0, 78, 0, 0, 0, 78
"/home/ana/stuff/1uni/bachlor/constrains/data/Cora_auto_generated_3_101_102_103.json", "JSON", 0, 0, 0, 0, 194, 0, 0, 0, 194
"/home/ana/stuff/1uni/bachlor/constrains/nl_rules_based_handler.py", "Python", 0, 0, 40, 0, 0, 0, 0, 15, 55
"/home/ana/stuff/1uni/bachlor/constrains/readme.md", "Markdown", 0, 39, 0, 0, 0, 0, 0, 13, 52
"/home/ana/stuff/1uni/bachlor/data/Cora/Cora/processed/data.pt", "XML", 794, 0, 0, 0, 0, 0, 0, 10, 804
"/home/ana/stuff/1uni/bachlor/data/Cora/Cora/processed/pre_filter.pt", "XML", 2, 0, 0, 0, 0, 0, 0, 0, 2
"/home/ana/stuff/1uni/bachlor/data/Cora/Cora/processed/pre_transform.pt", "XML", 2, 0, 0, 0, 0, 0, 0, 0, 2
"/home/ana/stuff/1uni/bachlor/data/MUTAG/MUTAG/processed/data.pt", "XML", 1563, 0, 0, 0, 0, 0, 0, 1, 1564
"/home/ana/stuff/1uni/bachlor/data/MUTAG/MUTAG/processed/pre_filter.pt", "XML", 2, 0, 0, 0, 0, 0, 0, 0, 2
"/home/ana/stuff/1uni/bachlor/data/MUTAG/MUTAG/processed/pre_transform.pt", "XML", 2, 0, 0, 0, 0, 0, 0, 0, 2
"/home/ana/stuff/1uni/bachlor/data/MUTAG/processed/data.pt", "XML", 1563, 0, 0, 0, 0, 0, 0, 1, 1564
"/home/ana/stuff/1uni/bachlor/data/MUTAG/processed/pre_filter.pt", "XML", 2, 0, 0, 0, 0, 0, 0, 0, 2
"/home/ana/stuff/1uni/bachlor/data/MUTAG/processed/pre_transform.pt", "XML", 2, 0, 0, 0, 0, 0, 0, 0, 2
"/home/ana/stuff/1uni/bachlor/data/REDDIT-BINARY/processed/data.pt", "XML", 68007, 0, 0, 0, 0, 0, 0, 106, 68113
"/home/ana/stuff/1uni/bachlor/data/REDDIT-BINARY/processed/pre_filter.pt", "XML", 2, 0, 0, 0, 0, 0, 0, 0, 2
"/home/ana/stuff/1uni/bachlor/data/REDDIT-BINARY/processed/pre_transform.pt", "XML", 2, 0, 0, 0, 0, 0, 0, 0, 2
"/home/ana/stuff/1uni/bachlor/experiments/graph_level/data_loader_gl.py", "Python", 0, 0, 31, 0, 0, 0, 0, 12, 43
"/home/ana/stuff/1uni/bachlor/experiments/graph_level/model_reference_gl.py", "Python", 0, 0, 7, 0, 0, 0, 1, 3, 11
"/home/ana/stuff/1uni/bachlor/experiments/graph_level/results/GraphOCGIN_MUTAG_3_64_v01.log", "Log", 0, 0, 0, 77, 0, 0, 0, 1, 78
"/home/ana/stuff/1uni/bachlor/experiments/graph_level/results/GraphOCGIN_MUTAG_3_64_v02.log", "Log", 0, 0, 0, 77, 0, 0, 0, 1, 78
"/home/ana/stuff/1uni/bachlor/experiments/graph_level/run_experiment_gl.py", "Python", 0, 0, 64, 0, 0, 0, 1, 24, 89
"/home/ana/stuff/1uni/bachlor/experiments/logging_utils.py", "Python", 0, 0, 58, 0, 0, 0, 1, 16, 75
"/home/ana/stuff/1uni/bachlor/experiments/node_level/data_loader_nl.py", "Python", 0, 0, 37, 0, 0, 0, 0, 13, 50
"/home/ana/stuff/1uni/bachlor/experiments/node_level/model_reference_nl.py", "Python", 0, 0, 7, 0, 0, 0, 1, 3, 11
"/home/ana/stuff/1uni/bachlor/experiments/node_level/results/NodeOCGIN_Cora_3_64_v01.log", "Log", 0, 0, 0, 27, 0, 0, 0, 1, 28
"/home/ana/stuff/1uni/bachlor/experiments/node_level/run_experiment_nl.py", "Python", 0, 0, 62, 0, 0, 0, 2, 20, 84
"/home/ana/stuff/1uni/bachlor/experiments/readme.md", "Markdown", 0, 41, 0, 0, 0, 0, 0, 14, 55
"/home/ana/stuff/1uni/bachlor/info_n_literature/fun_facts_to_remember.md", "Markdown", 0, 40, 0, 0, 0, 0, 0, 4, 44
"/home/ana/stuff/1uni/bachlor/info_n_literature/my_meeting_tim.md", "Markdown", 0, 34, 0, 0, 0, 0, 0, 25, 59
"/home/ana/stuff/1uni/bachlor/info_n_literature/possible_literature.md", "Markdown", 0, 29, 0, 0, 0, 0, 0, 14, 43
"/home/ana/stuff/1uni/bachlor/models/graph_decision_trees/node_level/config.py", "Python", 0, 0, 38, 0, 0, 0, 0, 16, 54
"/home/ana/stuff/1uni/bachlor/models/graph_decision_trees/node_level/filename_utils.py", "Python", 0, 0, 12, 0, 0, 0, 0, 2, 14
"/home/ana/stuff/1uni/bachlor/models/graph_decision_trees/node_level/model.py", "Python", 0, 0, 140, 0, 0, 0, 7, 23, 170
"/home/ana/stuff/1uni/bachlor/models/graph_decision_trees/node_level/train_and_print.py", "Python", 0, 0, 30, 0, 0, 0, 0, 15, 45
"/home/ana/stuff/1uni/bachlor/models/graph_decision_trees/node_level/tud_results.md", "Markdown", 0, 78, 0, 0, 0, 0, 0, 20, 98
"/home/ana/stuff/1uni/bachlor/models/graph_decision_trees/readme.md", "Markdown", 0, 43, 0, 0, 0, 0, 0, 16, 59
"/home/ana/stuff/1uni/bachlor/models/graph_decision_trees/template_config.py", "Python", 0, 0, 45, 0, 0, 0, 1, 15, 61
"/home/ana/stuff/1uni/bachlor/models/simple_ocgin/graph_level_ocgin.py", "Python", 0, 0, 57, 0, 0, 0, 2, 27, 86
"/home/ana/stuff/1uni/bachlor/models/simple_ocgin/node_level_ocgin.py", "Python", 0, 0, 52, 0, 0, 0, 1, 28, 81
"/home/ana/stuff/1uni/bachlor/models/utils.py", "Python", 0, 0, 17, 0, 0, 0, 0, 9, 26
"/home/ana/stuff/1uni/bachlor/pytorch_basics/basic_operations.py", "Python", 0, 0, 6, 0, 0, 0, 1, 6, 13
"/home/ana/stuff/1uni/bachlor/pytorch_basics/basics_pytorch.md", "Markdown", 0, 55, 0, 0, 0, 0, 0, 32, 87
"/home/ana/stuff/1uni/bachlor/pytorch_basics/decision_trees.py", "Python", 0, 0, 118, 0, 0, 0, 14, 26, 158
"/home/ana/stuff/1uni/bachlor/pytorch_basics/doing_logical_constrains_with_nn.py", "Python", 0, 0, 48, 0, 0, 0, 5, 16, 69
"/home/ana/stuff/1uni/bachlor/pytorch_basics/neural_networks.py", "Python", 0, 0, 25, 0, 0, 0, 0, 10, 35
"/home/ana/stuff/1uni/bachlor/pytorch_basics/simple_gnn.py", "Python", 0, 0, 30, 0, 0, 0, 3, 13, 46
"/home/ana/stuff/1uni/bachlor/what_do_i_do.md", "Markdown", 0, 226, 0, 0, 0, 0, 0, 149, 375
"Total", "-", 71943, 616, 2153, 4387, 288, 202, 276, 1103, 80968